Dataset,Task,Samples,Features,Random Forest_Acc,Random Forest_F1,Random Forest_Time,Gradient Boosting_Acc,Gradient Boosting_F1,Gradient Boosting_Time,AdaBoost_Acc,AdaBoost_F1,AdaBoost_Time,Voting (Soft)_Acc,Voting (Soft)_F1,Voting (Soft)_Time,Stacking_Acc,Stacking_F1,Stacking_Time,AME-Pro_Acc,AME-Pro_F1,AME-Pro_Time
Breast Cancer,binary,569,30,0.935672514619883,0.9355688556066355,0.17726469039916992,0.9473684210526315,0.9471006548629639,0.5181047916412354,0.9532163742690059,0.9528910072359551,0.28462815284729004,0.9590643274853801,0.9586996038189173,0.4584181308746338,0.9590643274853801,0.9586996038189173,2.4923009872436523,0.9473684210526315,0.9468994906243223,2.6219422817230225
Wine,multiclass,178,13,1.0,1.0,0.10952258110046387,0.9629629629629629,0.9627153891859774,0.30692005157470703,0.9814814814814815,0.981554331672349,0.13063478469848633,1.0,1.0,0.3854057788848877,0.9814814814814815,0.9813775282901185,1.9616570472717285,0.9814814814814815,0.9813775282901185,0.8725736141204834
Digits,multiclass,1797,64,0.9666666666666667,0.9665062426394593,0.3019988536834717,0.9407407407407408,0.9404111096253251,5.530385255813599,0.8166666666666667,0.8213676355863622,0.31314969062805176,0.9648148148148148,0.9650726374408264,3.0341129302978516,0.9685185185185186,0.968986590263989,15.715351819992065,0.9833333333333333,0.9833440218710271,17.45045757293701
Synthetic Easy,binary,1000,20,0.8866666666666667,0.886656592144836,0.2922799587249756,0.8966666666666666,0.8966678148275723,0.6515312194824219,0.84,0.8399146059420033,0.33800458908081055,0.87,0.8699956662332902,0.4640030860900879,0.8733333333333333,0.8733333333333333,2.4497947692871094,0.9166666666666666,0.9166527763887499,2.9903903007507324
Synthetic Medium,multiclass,1500,30,0.7555555555555555,0.755592626066518,0.5426409244537354,0.7177777777777777,0.7177274189889258,4.143693923950195,0.5688888888888889,0.5674822954822955,0.6284792423248291,0.6933333333333334,0.6927133707489126,2.3317975997924805,0.7444444444444445,0.7447002867178306,11.919236183166504,0.7977777777777778,0.7977475535592896,10.340159893035889
Synthetic Hard,multiclass,2000,40,0.6233333333333333,0.6234226516929521,0.8252289295196533,0.525,0.5248442126830457,9.822311639785767,0.42,0.4180549695060842,1.0174899101257324,0.58,0.58022315745329,5.35586142539978,0.595,0.5954064948309533,26.61225461959839,0.68,0.6801169990691871,20.886329650878906
