Dataset,Samples,Features,Random Forest_R2,Random Forest_MSE,Random Forest_MAE,Random Forest_Time,Gradient Boosting_R2,Gradient Boosting_MSE,Gradient Boosting_MAE,Gradient Boosting_Time,AdaBoost_R2,AdaBoost_MSE,AdaBoost_MAE,AdaBoost_Time,Averaging_R2,Averaging_MSE,Averaging_MAE,Averaging_Time,Stacking_R2,Stacking_MSE,Stacking_MAE,Stacking_Time,AME-Pro_R2,AME-Pro_MSE,AME-Pro_MAE,AME-Pro_Time
Diabetes,442,10,0.47027066465218703,2859.641982706767,42.75075187969925,0.2375655174255371,0.4310349361457486,3071.448520446322,44.726312422646856,0.11393070220947266,0.4658108945739403,2883.7171941363927,43.041557425721415,0.13935184478759766,0.47524188398757305,2832.805810782516,43.06335770514587,0.17284131050109863,0.4839957594566081,2785.549696891441,41.74954265670645,0.9180862903594971,0.45161564190624015,2960.34753679437,44.03425084086457,1.781372308731079
Synthetic Linear,1000,20,0.6618373103548469,17069.698480503896,105.58362617624,1.0912275314331055,0.830765574927729,8542.576389892105,75.33496028204972,0.6068234443664551,0.6911514167497166,15589.987759280019,101.93565122390025,0.3906838893890381,0.8636885693197043,6880.697050287689,67.86241402134912,0.8970458507537842,0.9979162497205644,105.1830674044989,8.170238118353868,4.279628276824951,0.7994189413382127,10124.884551426287,81.61394286840265,4.759287118911743
Synthetic Nonlinear,1500,30,0.5807673369560935,34954.7403965752,148.71924779468998,2.44997501373291,0.7747097786591887,18784.226266335263,107.49873431886851,1.3417513370513916,0.647535235590877,29387.773007492553,136.22255166402186,0.7310218811035156,0.8310492148266466,14086.76221135378,94.52741298318824,1.905996322631836,0.9951402924711589,405.19222390868805,16.258399119403872,9.381125211715698,0.7581099228621744,20168.28743607396,115.37672121517448,9.691881656646729
Synthetic Complex,2000,40,0.562855040667873,39374.26778643699,159.9297306956253,4.715745210647583,0.7269073680143867,24597.841500294682,126.11219274486844,2.4166100025177,0.6206180692329522,34171.4697069353,148.40191285986037,1.1877868175506592,0.8104987401563748,17068.647805866876,105.47837180171213,3.5938310623168945,0.9892712097473025,966.3573865283208,25.08712180620124,17.42948842048645,0.7348952446987317,23878.36209443591,124.41217271851662,13.516187191009521
